{
    "to": "USD",
    "from": {
        "00": 0.03855,
        "1INCH": 0.3293267247586572,
        "AAVE": 162.68352261234637,
        "ABT": 1.2765499999999999,
        "ACA": 0.08373424619733646,
        "ACE": 2.2880116201727287,
        "ACH": 0.022339406219996017,
        "ACS": 0.0018061,
        "ACT": 0.508,
        "ACX": 0.37959999999999994,
        "ADA": 0.7742320435246265,
        "AERGO": 0.1139566337174284,
        "AERO": 1.276565,
        "AEVO": 0.3419239286623855,
        "AGLD": 1.3498704817459033,
        "AIDOGE": 3.694e-10,
        "AIOZ": 0.7548499999999999,
        "AKT": 3.6849999999999996,
        "ALCX": 20.66400275749002,
        "ALEO": 1.1700000000000002,
        "ALEPH": 0.1503,
        "ALGO": 0.2037972429144284,
        "ALICE": 1.1975,
        "ALPHA": 0.07828348102949688,
        "AMP": 0.004545,
        "ANKR": 0.03318,
        "APE": 1.1458139165023429,
        "API3": 1.775498062494379,
        "APT": 11.79733886047818,
        "AR": 17.68883733275865,
        "ARB": 0.7676200243002581,
        "ARG": 0.8656456461446737,
        "ARKM": 2.030034726879413,
        "ARPA": 0.053599999999999995,
        "ARTY": 0.46809999999999996,
        "ASM": 0.03154499999999999,
        "AST": 0.08444999999999998,
        "ASTR": 0.06459933261345571,
        "ATH": 0.05920923797817018,
        "ATOM": 6.272983773596648,
        "AUCTION": 13.651724035472336,
        "AUDIO": 0.1422,
        "AURORA": 0.14500000000000002,
        "AVAX": 34.57782799978705,
        "AVT": 2.17,
        "AXL": 0.70765,
        "AXS": 5.675815275406497,
        "BABYDOGE": 2.2060162635230173e-09,
        "BADGER": 3.2508948013173553,
        "BAL": 2.330756079395788,
        "BANANA": 67.98,
        "BAND": 1.2891651029777726,
        "BAT": 0.20936700587676688,
        "BCH": 473.8380640721506,
        "BETH": 3243.1,
        "BICO": 0.28580049675237584,
        "BIGTIME": 0.13786907834779488,
        "BIT": 0.77975,
        "BLAST": 0.008960000000000001,
        "BLUR": 0.2461829839577191,
        "BLZ": 0.11449999999999999,
        "BNB": 613.296593408789,
        "BNT": 0.6466610820321357,
        "BOBA": 0.20135000000000003,
        "BOME": 0.00961,
        "BONE": 0.4996017599447309,
        "BONK": 4.948645787002234e-05,
        "BORA": 0.11580096964544287,
        "BSV": 66.78477537250258,
        "BTC": 95738.5399043696,
        "BTRST": 0.346,
        "BTT": 1.1073e-06,
        "BZZ": 0.49512332228735456,
        "C98": 0.1442,
        "CAT": 4.577073869597602e-05,
        "CATI": 0.5604218194601339,
        "CBETH": 3521.369999999598,
        "CELO": 0.6916606493578096,
        "CELR": 0.014584242599719396,
        "CETUS": 0.3151377501041229,
        "CFG": 0.3940327370696288,
        "CFX": 0.15069575257745282,
        "CHZ": 0.07312930242655784,
        "CITY": 2.0,
        "CLV": 0.10410336610933937,
        "COMP": 53.41928681945969,
        "CORE": 0.9412006095965396,
        "COTI": 0.09985,
        "COW": 0.3394,
        "CRO": 0.17899967095272995,
        "CRV": 0.40250050613272265,
        "CSPR": 0.013935262819418056,
        "CTC": 0.7916062783505826,
        "CTSI": 0.15445,
        "CTX": 2.2562,
        "CTXC": 0.4287904988666144,
        "CVC": 0.1363576697576984,
        "CVX": 2.6028536519877528,
        "CXT": 0.06373340260590357,
        "DAI": 1.0001275876255329,
        "DAO": 0.3941714999027888,
        "DAR": 0.1515,
        "DASH": 28.67000000000001,
        "DEGEN": 0.020377356671172044,
        "DEP": 0.0016120741620069302,
        "DEXT": 0.56655,
        "DGB": 0.0098272820372418,
        "DIA": 0.722295555750714,
        "DIMO": 0.16315,
        "DNT": 0.05055,
        "DOGE": 0.37843630981667264,
        "DOGS": 0.0006157986513444321,
        "DORA": 0.08429,
        "DOT": 5.740248082120882,
        "DRIFT": 1.327,
        "DYDX": 1.257131481116865,
        "DYP": 0.24928499999999998,
        "EGLD": 29.6998373619273,
        "EIGEN": 2.511137116963656,
        "ELA": 2.2710000000000004,
        "ELF": 0.40877987122062,
        "ELON": 1.9184319469362974e-07,
        "ENJ": 0.1949433521656159,
        "ENS": 18.507665208003477,
        "EOS": 0.6392823203444599,
        "ERN": 0.06601700500182492,
        "ETC": 26.79899345459234,
        "ETH": 3249.913875632924,
        "ETHFI": 1.748027642679525,
        "ETHW": 3.503,
        "EURT": 1.0609,
        "FARM": 50.87999999999991,
        "FET": 1.2413772402386822,
        "FIDA": 0.21169999999999997,
        "FIL": 4.469572266042962,
        "FIS": 0.33454999999999996,
        "FLM": 0.06665294818036423,
        "FLOKI": 0.00025361568447917826,
        "FLOW": 0.6918124573541528,
        "FLR": 0.019653268624869862,
        "FORT": 0.1029,
        "FORTH": 3.37436297648736,
        "FOX": 0.05535,
        "FOXY": 0.013667600000000002,
        "FTM": 0.6943818804599445,
        "FX": 0.13685,
        "FXS": 2.377,
        "G": 0.02983342628756349,
        "GAL": 1.7915000000000003,
        "GALA": 0.028472500203115682,
        "GAS": 4.812197408166087,
        "GEAR": 0.005136022138569168,
        "GFI": 1.3794499999999998,
        "GFT": 0.016059803977156128,
        "GHST": 0.9474950726000326,
        "GLM": 0.35218378848483095,
        "GLMR": 0.21239975627241328,
        "GMT": 0.16549595504260264,
        "GMX": 29.050000000000004,
        "GNO": 261.58500000000123,
        "GOAL": 0.02192131549456997,
        "GODS": 0.20889093452562732,
        "GOG": 0.04019897931186254,
        "GPT": 0.04832999999999999,
        "GRT": 0.21462144152949764,
        "GST": 0.016045999999999998,
        "GTC": 0.725,
        "GUSD": 1.0,
        "GYEN": 0.006394,
        "HBAR": 0.11966680862608754,
        "HFT": 0.19454999999999997,
        "HIGH": 1.367,
        "HMSTR": 0.003592908204752183,
        "HNT": 5.6935,
        "HONEY": 0.06435,
        "HOPR": 0.060700000000000004,
        "ICE": 0.007297643002781559,
        "ICP": 9.127776304420982,
        "ICX": 0.1638279180616665,
        "ID": 0.43574847828841384,
        "IDEX": 0.0391,
        "ILV": 42.40126226808307,
        "IMX": 1.3383460785798655,
        "INDEX": 2.955,
        "INJ": 23.764500940097456,
        "INV": 30.820000000000025,
        "IO": 2.3915,
        "IOST": 0.0062998960054783774,
        "IOTA": 0.16788719671848948,
        "IOTX": 0.042745,
        "IQ": 0.0071685542952866195,
        "JASMY": 0.020114839226996813,
        "JOE": 0.37064284612302634,
        "JST": 0.03323,
        "JTO": 2.9588947910636456,
        "JUP": 1.092403887572718,
        "KAIA": 0.147,
        "KARRAT": 0.47679999999999995,
        "KAVA": 0.4475,
        "KDA": 0.6765171984785986,
        "KISHU": 4.2795846436079507e-10,
        "KNC": 0.5329753534335394,
        "KP3R": 22.400417775835958,
        "KSM": 20.9748088007029,
        "LAMB": 0.0016699490927303082,
        "LAT": 0.007663118871171613,
        "LBR": 0.10037000000000001,
        "LCX": 0.1096,
        "LDO": 1.1919368379682935,
        "LEO": 8.80215833696082,
        "LINK": 14.703876243475804,
        "LIT": 0.7003499999999999,
        "LOKA": 0.19135,
        "LON": 0.9529676531377752,
        "LOOKS": 0.04994900494215417,
        "LPT": 10.285543536921878,
        "LQTY": 1.1817475899905872,
        "LRC": 0.17761972990090094,
        "LRDS": 0.5798,
        "LSETH": 3445.799999999757,
        "LSK": 1.018558633742184,
        "LTC": 87.38732769038697,
        "LUNA": 0.41445505875874256,
        "LUNC": 0.00010714310594735809,
        "MAGIC": 0.4125105826300941,
        "MANA": 0.3979372043936025,
        "MASK": 2.8913059939334236,
        "MATH": 0.2665,
        "MATIC": 0.440209921382191,
        "MAX": 0.25468,
        "MDT": 0.05071375561820142,
        "MEDIA": 13.08,
        "MEME": 0.012906,
        "MENGO": 0.3308,
        "MERL": 0.3220901993049956,
        "METIS": 48.829774976206586,
        "MEW": 0.010004,
        "MILO": 2.660865085148782e-08,
        "MINA": 0.6604662328971385,
        "MKR": 1566.1541250813157,